id,default
1,0.262
2,0.346
3,0.352
4,0.552
5,0.124
6,0.058
7,0.638
8,0.266
9,0.362
10,0.582
11,0.408
12,0.556
13,0.086
14,0.066
15,0.338
16,0.37
17,0.482
18,0.31
19,0.306
20,0.04
21,0.31
22,0.198
23,0.72
24,0.266
25,0.234
26,0.48
27,0.248
28,0.144
29,0.272
30,0.192
31,0.326
32,0.244
33,0.324
34,0.284
35,0.446
36,0.156
37,0.282
38,0.646
39,0.526
40,0.234
41,0.14
42,0.468
43,0.446
44,0.358
45,0.144
46,0.27
47,0.656
48,0.292
49,0.422
50,0.606
51,0.488
52,0.438
53,0.148
54,0.634
55,0.4
56,0.16
57,0.34
58,0.22
59,0.302
60,0.066
61,0.234
62,0.228
63,0.168
64,0.148
65,0.168
66,0.148
67,0.444
68,0.342
69,0.28
70,0.426
71,0.394
72,0.296
73,0.322
74,0.164
75,0.254
76,0.424
77,0.378
78,0.24
79,0.168
80,0.256
81,0.322
82,0.06
83,0.206
84,0.428
85,0.254
86,0.468
87,0.5
88,0.114
89,0.128
90,0.26
91,0.276
92,0.556
93,0.328
94,0.664
95,0.208
96,0.07
97,0.16
98,0.242
99,0.358
100,0.166
101,0.272
102,0.308
103,0.306
104,0.324
105,0.266
106,0.392
107,0.148
108,0.344
109,0.272
110,0.16
111,0.266
112,0.156
113,0.122
114,0.188
115,0.276
116,0.118
117,0.442
118,0.258
119,0.508
120,0.108
121,0.142
122,0.536
123,0.31
124,0.108
125,0.294
126,0.506
127,0.15
128,0.41
129,0.284
130,0.164
131,0.308
132,0.178
133,0.31
134,0.38
135,0.32
136,0.428
137,0.118
138,0.092
139,0.312
140,0.48
141,0.46
142,0.28
143,0.44
144,0.484
145,0.364
146,0.6
147,0.152
148,0.328
149,0.66
150,0.342
151,0.262
152,0.292
153,0.35
154,0.18
155,0.226
156,0.21
157,0.32
158,0.32
159,0.346
160,0.302
161,0.136
162,0.108
163,0.132
164,0.262
165,0.118
166,0.334
167,0.296
168,0.202
169,0.342
170,0.146
171,0.322
172,0.396
173,0.328
174,0.252
175,0.534
176,0.234
177,0.364
178,0.4
179,0.332
180,0.584
181,0.232
182,0.116
183,0.266
184,0.652
185,0.344
186,0.384
187,0.43
188,0.18
189,0.328
190,0.378
191,0.514
192,0.424
193,0.312
194,0.3
195,0.436
196,0.262
197,0.184
198,0.21
199,0.246
200,0.19
201,0.604
202,0.578
203,0.26
204,0.226
205,0.344
206,0.48
207,0.15
208,0.22
209,0.47
210,0.64
211,0.14
212,0.28
213,0.168
214,0.432
215,0.456
216,0.372
217,0.45
218,0.192
219,0.136
220,0.59
221,0.482
222,0.216
223,0.238
224,0.142
225,0.324
226,0.274
227,0.354
228,0.144
229,0.56
230,0.376
231,0.232
232,0.198
233,0.652
234,0.15
235,0.108
236,0.472
237,0.142
238,0.472
239,0.256
240,0.384
241,0.458
242,0.206
243,0.408
244,0.28
245,0.35
246,0.292
247,0.146
248,0.26
249,0.354
250,0.128
251,0.262
252,0.314
253,0.378
254,0.47
255,0.448
256,0.18
257,0.35
258,0.2
259,0.098
260,0.186
261,0.292
262,0.654
263,0.594
264,0.202
265,0.152
266,0.088
267,0.298
268,0.212
269,0.372
270,0.678
271,0.076
272,0.272
273,0.052
274,0.344
275,0.386
276,0.292
277,0.488
278,0.364
279,0.392
280,0.204
281,0.198
282,0.346
283,0.104
284,0.128
285,0.29
286,0.224
287,0.086
288,0.27
289,0.182
290,0.172
291,0.086
292,0.346
293,0.634
294,0.15
295,0.272
296,0.676
297,0.194
298,0.174
299,0.24
300,0.154
301,0.562
302,0.658
303,0.688
304,0.336
305,0.304
306,0.234
307,0.408
308,0.518
309,0.136
310,0.086
311,0.402
312,0.568
313,0.142
314,0.338
315,0.216
316,0.256
317,0.4
318,0.476
319,0.048
320,0.436
321,0.226
322,0.612
323,0.454
324,0.288
325,0.258
326,0.29
327,0.484
328,0.374
329,0.232
330,0.42
331,0.394
332,0.134
333,0.278
334,0.238
335,0.566
336,0.294
337,0.226
338,0.13
339,0.506
340,0.2
341,0.128
342,0.206
343,0.588
344,0.494
345,0.184
346,0.196
347,0.346
348,0.304
349,0.202
350,0.178
351,0.526
352,0.37
353,0.438
354,0.356
355,0.3
356,0.228
357,0.256
358,0.186
359,0.24
360,0.57
361,0.322
362,0.162
363,0.18
364,0.602
365,0.138
366,0.208
367,0.328
368,0.332
369,0.344
370,0.284
371,0.586
372,0.312
373,0.306
374,0.146
375,0.154
376,0.416
377,0.406
378,0.656
379,0.18
380,0.228
381,0.238
382,0.094
383,0.22
384,0.092
385,0.212
386,0.242
387,0.074
388,0.254
389,0.228
390,0.078
391,0.188
392,0.496
393,0.56
394,0.044
395,0.084
396,0.192
397,0.344
398,0.158
399,0.316
400,0.28
401,0.51
402,0.538
403,0.488
404,0.478
405,0.164
406,0.316
407,0.064
408,0.29
409,0.242
410,0.172
411,0.412
412,0.312
413,0.356
414,0.37
415,0.06
416,0.184
417,0.238
418,0.52
419,0.112
420,0.316
421,0.366
422,0.28
423,0.46
424,0.386
425,0.218
426,0.282
427,0.146
428,0.284
429,0.424
430,0.566
431,0.29
432,0.144
433,0.194
434,0.094
435,0.122
436,0.478
437,0.178
438,0.174
439,0.458
440,0.646
441,0.474
442,0.328
443,0.256
444,0.162
445,0.344
446,0.288
447,0.368
448,0.216
449,0.188
450,0.162
451,0.22
452,0.258
453,0.334
454,0.568
455,0.474
456,0.498
457,0.248
458,0.22
459,0.52
460,0.298
461,0.29
462,0.246
463,0.21
464,0.24
465,0.172
466,0.284
467,0.494
468,0.424
469,0.524
470,0.15
471,0.396
472,0.424
473,0.198
474,0.216
475,0.484
476,0.552
477,0.314
478,0.3
479,0.206
480,0.47
481,0.268
482,0.248
483,0.414
484,0.222
485,0.248
486,0.056
487,0.106
488,0.242
489,0.176
490,0.154
491,0.15
492,0.578
493,0.22
494,0.398
495,0.28
496,0.294
497,0.632
498,0.506
499,0.288
500,0.416
501,0.092
502,0.146
503,0.35
504,0.304
505,0.496
506,0.27
507,0.278
508,0.228
509,0.524
510,0.224
511,0.174
512,0.544
513,0.338
514,0.664
515,0.366
516,0.072
517,0.358
518,0.096
519,0.484
520,0.39
521,0.452
522,0.16
523,0.444
524,0.3
525,0.24
526,0.576
527,0.276
528,0.354
529,0.164
530,0.212
531,0.224
532,0.49
533,0.204
534,0.264
535,0.326
536,0.242
537,0.144
538,0.23
539,0.18
540,0.362
541,0.236
542,0.116
543,0.422
544,0.34
545,0.242
546,0.35
547,0.22
548,0.358
549,0.054
550,0.126
551,0.382
552,0.41
553,0.486
554,0.262
555,0.164
556,0.546
557,0.306
558,0.344
559,0.348
560,0.234
561,0.292
562,0.332
563,0.494
564,0.21
565,0.42
566,0.4
567,0.136
568,0.43
569,0.538
570,0.382
571,0.23
572,0.68
573,0.274
574,0.076
575,0.226
576,0.284
577,0.092
578,0.298
579,0.276
580,0.536
581,0.3
582,0.304
583,0.328
584,0.194
585,0.648
586,0.122
587,0.052
588,0.47
589,0.156
590,0.256
591,0.522
592,0.098
593,0.07
594,0.278
595,0.33
596,0.202
597,0.406
598,0.434
599,0.368
600,0.174
601,0.184
602,0.45
603,0.106
604,0.208
605,0.24
606,0.166
607,0.068
608,0.224
609,0.414
610,0.176
611,0.252
612,0.304
613,0.196
614,0.258
615,0.414
616,0.242
617,0.45
618,0.374
619,0.516
620,0.246
621,0.316
622,0.2
623,0.386
624,0.15
625,0.592
626,0.086
627,0.098
628,0.12
629,0.232
630,0.048
631,0.276
632,0.182
633,0.376
634,0.268
635,0.306
636,0.21
637,0.35
638,0.512
639,0.398
640,0.162
641,0.212
642,0.464
643,0.404
644,0.374
645,0.326
646,0.17
647,0.486
648,0.356
649,0.088
650,0.326
651,0.218
652,0.16
653,0.266
654,0.072
655,0.068
656,0.392
657,0.49
658,0.384
659,0.208
660,0.18
661,0.138
662,0.13
663,0.174
664,0.246
665,0.392
666,0.324
667,0.456
668,0.236
669,0.166
670,0.224
671,0.554
672,0.112
673,0.284
674,0.448
675,0.232
676,0.168
677,0.314
678,0.534
679,0.374
680,0.402
681,0.53
682,0.39
683,0.462
684,0.058
685,0.152
686,0.298
687,0.262
688,0.232
689,0.244
690,0.658
691,0.468
692,0.334
693,0.564
694,0.18
695,0.262
696,0.276
697,0.13
698,0.19
699,0.366
700,0.2
701,0.362
702,0.486
703,0.286
704,0.23
705,0.156
706,0.504
707,0.092
708,0.126
709,0.166
710,0.2
711,0.188
712,0.052
713,0.216
714,0.17
715,0.238
716,0.358
717,0.572
718,0.208
719,0.26
720,0.334
721,0.224
722,0.24
723,0.278
724,0.26
725,0.3
726,0.366
727,0.248
728,0.598
729,0.25
730,0.308
731,0.168
732,0.128
733,0.428
734,0.412
735,0.364
736,0.226
737,0.28
738,0.408
739,0.638
740,0.268
741,0.22
742,0.254
743,0.182
744,0.434
745,0.4
746,0.332
747,0.128
748,0.21
749,0.244
750,0.428
751,0.336
752,0.094
753,0.196
754,0.502
755,0.384
756,0.116
757,0.404
758,0.358
759,0.412
760,0.224
761,0.252
762,0.196
763,0.436
764,0.408
765,0.162
766,0.32
767,0.206
768,0.148
769,0.26
770,0.134
771,0.09
772,0.37
773,0.174
774,0.34
775,0.316
776,0.266
777,0.354
778,0.124
779,0.524
780,0.148
781,0.23
782,0.34
783,0.476
784,0.324
785,0.204
786,0.798
787,0.45
788,0.22
789,0.452
790,0.05
791,0.104
792,0.238
793,0.666
794,0.42
795,0.158
796,0.55
797,0.484
798,0.212
799,0.434
800,0.338
801,0.22
802,0.146
803,0.332
804,0.4
805,0.138
806,0.602
807,0.178
808,0.54
809,0.548
810,0.41
811,0.184
812,0.048
813,0.462
814,0.282
815,0.676
816,0.12
817,0.362
818,0.446
819,0.136
820,0.202
821,0.234
822,0.352
823,0.556
824,0.548
825,0.204
826,0.408
827,0.084
828,0.056
829,0.144
830,0.432
831,0.716
832,0.214
833,0.334
834,0.604
835,0.194
836,0.32
837,0.308
838,0.24
839,0.2
840,0.338
841,0.28
842,0.3
843,0.382
844,0.292
845,0.294
846,0.054
847,0.416
848,0.282
849,0.05
850,0.316
851,0.292
852,0.31
853,0.214
854,0.356
855,0.348
856,0.148
857,0.148
858,0.072
859,0.086
860,0.156
861,0.354
862,0.19
863,0.15
864,0.488
865,0.298
866,0.412
867,0.51
868,0.644
869,0.132
870,0.21
871,0.308
872,0.594
873,0.212
874,0.35
875,0.428
876,0.46
877,0.55
878,0.156
879,0.196
880,0.028
881,0.336
882,0.33
883,0.216
884,0.094
885,0.062
886,0.484
887,0.448
888,0.208
889,0.292
890,0.296
891,0.176
892,0.458
893,0.33
894,0.328
895,0.47
896,0.142
897,0.412
898,0.144
899,0.054
900,0.118
901,0.37
902,0.102
903,0.32
904,0.588
905,0.236
906,0.27
907,0.214
908,0.062
909,0.53
910,0.398
911,0.394
912,0.454
913,0.39
914,0.288
915,0.172
916,0.408
917,0.29
918,0.058
919,0.242
920,0.252
921,0.21
922,0.534
923,0.31
924,0.296
925,0.206
926,0.502
927,0.16
928,0.244
929,0.238
930,0.196
931,0.294
932,0.252
933,0.386
934,0.614
935,0.188
936,0.196
937,0.606
938,0.198
939,0.104
940,0.166
941,0.266
942,0.494
943,0.048
944,0.474
945,0.042
946,0.45
947,0.626
948,0.212
949,0.328
950,0.582
951,0.216
952,0.178
953,0.376
954,0.182
955,0.5
956,0.174
957,0.206
958,0.468
959,0.3
960,0.366
961,0.444
962,0.374
963,0.282
964,0.136
965,0.316
966,0.448
967,0.35
968,0.386
969,0.344
970,0.23
971,0.25
972,0.214
973,0.174
974,0.266
975,0.42
976,0.342
977,0.64
978,0.378
979,0.278
980,0.326
981,0.27
982,0.554
983,0.396
984,0.044
985,0.17
986,0.362
987,0.094
988,0.14
989,0.292
990,0.308
991,0.622
992,0.438
993,0.26
994,0.406
995,0.426
996,0.186
997,0.208
998,0.19
999,0.33
1000,0.176
1001,0.524
1002,0.67
1003,0.272
1004,0.376
1005,0.13
1006,0.36
1007,0.212
1008,0.386
1009,0.452
1010,0.456
1011,0.292
1012,0.256
1013,0.058
1014,0.106
1015,0.19
1016,0.138
1017,0.506
1018,0.504
1019,0.394
1020,0.628
1021,0.28
1022,0.162
1023,0.22
1024,0.33
1025,0.598
1026,0.37
1027,0.514
1028,0.248
1029,0.058
1030,0.218
1031,0.304
1032,0.508
1033,0.37
1034,0.374
1035,0.18
1036,0.512
1037,0.612
1038,0.224
1039,0.154
1040,0.582
1041,0.404
1042,0.172
1043,0.248
1044,0.332
1045,0.284
1046,0.126
1047,0.36
1048,0.242
1049,0.208
1050,0.128
1051,0.528
1052,0.292
1053,0.106
1054,0.362
1055,0.154
1056,0.096
1057,0.114
1058,0.48
1059,0.25
1060,0.568
1061,0.224
1062,0.614
1063,0.08
1064,0.222
1065,0.56
1066,0.528
1067,0.338
1068,0.116
1069,0.33
1070,0.454
1071,0.422
1072,0.208
1073,0.19
1074,0.22
1075,0.596
1076,0.31
1077,0.274
1078,0.212
1079,0.29
1080,0.378
1081,0.28
1082,0.284
1083,0.506
1084,0.446
1085,0.362
1086,0.088
1087,0.45
1088,0.244
1089,0.282
1090,0.54
1091,0.49
1092,0.32
1093,0.358
1094,0.074
1095,0.366
1096,0.152
1097,0.152
1098,0.458
1099,0.15
1100,0.248
1101,0.208
1102,0.266
1103,0.294
1104,0.376
1105,0.518
1106,0.088
1107,0.176
1108,0.52
1109,0.376
1110,0.324
1111,0.044
1112,0.068
1113,0.372
1114,0.332
1115,0.19
1116,0.308
1117,0.34
1118,0.198
1119,0.23
1120,0.152
1121,0.582
1122,0.266
1123,0.492
1124,0.224
1125,0.272
1126,0.312
1127,0.42
1128,0.144
1129,0.18
1130,0.402
1131,0.556
1132,0.222
1133,0.172
1134,0.304
1135,0.584
1136,0.452
1137,0.156
1138,0.29
1139,0.464
1140,0.314
1141,0.462
1142,0.222
1143,0.584
1144,0.49
1145,0.494
1146,0.324
1147,0.388
1148,0.16
1149,0.152
1150,0.48
1151,0.22
1152,0.314
1153,0.394
1154,0.458
1155,0.578
1156,0.412
1157,0.364
1158,0.202
1159,0.114
1160,0.664
1161,0.116
1162,0.078
1163,0.29
1164,0.152
1165,0.232
1166,0.634
1167,0.27
1168,0.326
1169,0.508
1170,0.456
1171,0.188
1172,0.304
1173,0.54
1174,0.346
1175,0.634
1176,0.134
1177,0.578
1178,0.262
1179,0.314
1180,0.1
1181,0.202
1182,0.34
1183,0.308
1184,0.302
1185,0.112
1186,0.342
1187,0.412
1188,0.144
1189,0.258
1190,0.184
1191,0.282
1192,0.13
1193,0.286
1194,0.306
1195,0.308
1196,0.212
1197,0.356
1198,0.338
1199,0.306
1200,0.55
1201,0.156
1202,0.336
1203,0.572
1204,0.494
1205,0.186
1206,0.552
1207,0.354
1208,0.354
1209,0.254
1210,0.122
1211,0.264
1212,0.188
1213,0.03
1214,0.312
1215,0.402
1216,0.356
1217,0.15
1218,0.582
1219,0.236
1220,0.26
1221,0.068
1222,0.054
1223,0.21
1224,0.128
1225,0.26
1226,0.196
1227,0.082
1228,0.288
1229,0.678
1230,0.176
1231,0.37
1232,0.212
1233,0.49
1234,0.254
1235,0.216
1236,0.186
1237,0.222
1238,0.158
1239,0.496
1240,0.084
1241,0.604
1242,0.086
1243,0.142
1244,0.306
1245,0.162
1246,0.116
1247,0.364
1248,0.282
1249,0.31
1250,0.446
1251,0.262
1252,0.656
1253,0.308
1254,0.122
1255,0.18
1256,0.122
1257,0.47
1258,0.29
1259,0.302
1260,0.102
1261,0.12
1262,0.18
1263,0.13
1264,0.316
1265,0.208
1266,0.26
1267,0.332
1268,0.042
1269,0.572
1270,0.366
1271,0.412
1272,0.324
1273,0.13
1274,0.544
1275,0.408
1276,0.432
1277,0.084
1278,0.368
1279,0.68
1280,0.17
1281,0.65
1282,0.336
1283,0.112
1284,0.4
1285,0.084
1286,0.106
1287,0.31
1288,0.35
1289,0.384
1290,0.178
1291,0.654
1292,0.372
1293,0.624
1294,0.482
1295,0.274
1296,0.378
1297,0.582
1298,0.388
1299,0.456
1300,0.256
1301,0.314
1302,0.272
1303,0.342
1304,0.61
1305,0.284
1306,0.552
1307,0.162
1308,0.302
1309,0.28
1310,0.198
1311,0.206
1312,0.236
1313,0.238
1314,0.234
1315,0.362
1316,0.148
1317,0.278
1318,0.072
1319,0.17
1320,0.312
1321,0.676
1322,0.332
1323,0.388
1324,0.452
1325,0.2
1326,0.372
1327,0.352
1328,0.25
1329,0.102
1330,0.108
1331,0.138
1332,0.36
1333,0.588
1334,0.252
1335,0.326
1336,0.172
1337,0.51
1338,0.096
1339,0.286
1340,0.232
1341,0.162
1342,0.1
1343,0.448
1344,0.298
1345,0.092
1346,0.262
1347,0.554
1348,0.482
1349,0.446
1350,0.654
1351,0.166
1352,0.284
1353,0.308
1354,0.588
1355,0.1
1356,0.342
1357,0.322
1358,0.384
1359,0.062
1360,0.23
1361,0.628
1362,0.47
1363,0.162
1364,0.304
1365,0.198
1366,0.198
1367,0.376
1368,0.196
1369,0.464
1370,0.068
1371,0.302
1372,0.276
1373,0.334
1374,0.27
1375,0.456
1376,0.426
1377,0.552
1378,0.638
1379,0.156
1380,0.582
1381,0.596
1382,0.14
1383,0.194
1384,0.662
1385,0.314
1386,0.316
1387,0.23
1388,0.27
1389,0.362
1390,0.334
1391,0.312
1392,0.318
1393,0.288
1394,0.398
1395,0.208
1396,0.306
1397,0.434
1398,0.178
1399,0.296
1400,0.156
1401,0.104
1402,0.396
1403,0.312
1404,0.104
1405,0.032
1406,0.04
1407,0.352
1408,0.092
1409,0.298
1410,0.104
1411,0.08
1412,0.292
1413,0.13
1414,0.092
1415,0.216
1416,0.71
1417,0.222
1418,0.266
1419,0.464
1420,0.782
1421,0.192
1422,0.364
1423,0.17
1424,0.282
1425,0.316
1426,0.082
1427,0.23
1428,0.17
1429,0.104
1430,0.168
1431,0.234
1432,0.486
1433,0.206
1434,0.21
1435,0.444
1436,0.3
1437,0.15
1438,0.126
1439,0.502
1440,0.41
1441,0.08
1442,0.682
1443,0.176
1444,0.538
1445,0.672
1446,0.414
1447,0.24
1448,0.262
1449,0.152
1450,0.496
1451,0.232
1452,0.28
1453,0.162
1454,0.312
1455,0.324
1456,0.488
1457,0.546
1458,0.562
1459,0.21
1460,0.046
1461,0.15
1462,0.6
1463,0.182
1464,0.134
1465,0.224
1466,0.18
1467,0.362
1468,0.366
1469,0.186
1470,0.198
1471,0.084
1472,0.3
1473,0.356
1474,0.402
1475,0.07
1476,0.154
1477,0.344
1478,0.21
1479,0.226
1480,0.484
1481,0.25
1482,0.392
1483,0.368
1484,0.054
1485,0.456
1486,0.294
1487,0.336
1488,0.168
1489,0.308
1490,0.086
1491,0.294
1492,0.36
1493,0.298
1494,0.274
1495,0.112
1496,0.162
1497,0.556
1498,0.266
1499,0.162
1500,0.106
1501,0.256
1502,0.102
1503,0.39
1504,0.396
1505,0.036
1506,0.254
1507,0.666
1508,0.248
1509,0.52
1510,0.272
1511,0.308
1512,0.144
1513,0.662
1514,0.086
1515,0.326
1516,0.312
1517,0.454
1518,0.506
1519,0.19
1520,0.312
1521,0.272
1522,0.274
1523,0.428
1524,0.102
1525,0.598
1526,0.272
1527,0.14
1528,0.312
1529,0.262
1530,0.534
1531,0.356
1532,0.098
1533,0.302
1534,0.318
1535,0.19
1536,0.318
1537,0.432
1538,0.22
1539,0.226
1540,0.474
1541,0.234
1542,0.598
1543,0.652
1544,0.37
1545,0.312
1546,0.226
1547,0.234
1548,0.116
1549,0.332
1550,0.306
1551,0.434
1552,0.132
1553,0.346
1554,0.228
1555,0.42
1556,0.346
1557,0.132
1558,0.594
1559,0.21
1560,0.61
1561,0.32
1562,0.41
1563,0.196
1564,0.238
1565,0.148
1566,0.078
1567,0.226
1568,0.304
1569,0.18
1570,0.444
1571,0.246
1572,0.14
1573,0.542
1574,0.318
1575,0.244
1576,0.402
1577,0.502
1578,0.556
1579,0.056
1580,0.102
1581,0.67
1582,0.138
1583,0.536
1584,0.146
1585,0.514
1586,0.242
1587,0.354
1588,0.238
1589,0.266
1590,0.296
1591,0.182
1592,0.24
1593,0.204
1594,0.238
1595,0.54
1596,0.622
1597,0.334
1598,0.33
1599,0.33
1600,0.188
1601,0.294
1602,0.058
1603,0.216
1604,0.212
1605,0.518
1606,0.492
1607,0.656
1608,0.358
1609,0.448
1610,0.104
1611,0.228
1612,0.214
1613,0.052
1614,0.298
1615,0.496
1616,0.36
1617,0.284
1618,0.208
1619,0.088
1620,0.318
1621,0.306
1622,0.594
1623,0.764
1624,0.342
1625,0.24
1626,0.29
1627,0.432
1628,0.152
1629,0.16
1630,0.402
1631,0.228
1632,0.256
1633,0.162
1634,0.196
1635,0.504
1636,0.034
1637,0.702
1638,0.276
1639,0.282
1640,0.464
1641,0.306
1642,0.28
1643,0.13
1644,0.422
1645,0.254
1646,0.54
1647,0.172
1648,0.178
1649,0.502
1650,0.376
1651,0.252
1652,0.194
1653,0.336
1654,0.566
1655,0.242
1656,0.39
1657,0.388
1658,0.262
1659,0.216
1660,0.284
1661,0.452
1662,0.576
1663,0.29
1664,0.528
1665,0.102
1666,0.29
1667,0.23
1668,0.136
1669,0.19
1670,0.462
1671,0.254
1672,0.524
1673,0.09
1674,0.348
1675,0.29
1676,0.634
1677,0.134
1678,0.284
1679,0.202
1680,0.51
1681,0.22
1682,0.15
1683,0.458
1684,0.346
1685,0.138
1686,0.304
1687,0.128
1688,0.256
1689,0.154
1690,0.322
1691,0.284
1692,0.186
1693,0.358
1694,0.468
1695,0.28
1696,0.204
1697,0.43
1698,0.316
1699,0.306
1700,0.066
1701,0.212
1702,0.148
1703,0.168
1704,0.116
1705,0.258
1706,0.26
1707,0.18
1708,0.134
1709,0.238
1710,0.468
1711,0.16
1712,0.154
1713,0.456
1714,0.18
1715,0.338
1716,0.5
1717,0.424
1718,0.33
1719,0.368
1720,0.15
1721,0.328
1722,0.328
1723,0.282
1724,0.318
1725,0.302
1726,0.364
1727,0.496
1728,0.546
1729,0.308
1730,0.354
1731,0.404
1732,0.514
1733,0.572
1734,0.516
1735,0.172
1736,0.232
1737,0.18
1738,0.346
1739,0.214
1740,0.354
1741,0.53
1742,0.304
1743,0.05
1744,0.07
1745,0.4
1746,0.474
1747,0.304
1748,0.446
1749,0.206
1750,0.426
1751,0.104
1752,0.36
1753,0.25
1754,0.272
1755,0.296
1756,0.394
1757,0.424
1758,0.344
1759,0.158
1760,0.342
1761,0.662
1762,0.274
1763,0.5
1764,0.596
1765,0.078
1766,0.478
1767,0.286
1768,0.284
1769,0.418
1770,0.57
1771,0.514
1772,0.214
1773,0.506
1774,0.368
1775,0.22
1776,0.554
1777,0.438
1778,0.372
1779,0.258
1780,0.446
1781,0.128
1782,0.25
1783,0.332
1784,0.144
1785,0.17
1786,0.172
1787,0.196
1788,0.344
1789,0.064
1790,0.598
1791,0.368
1792,0.578
1793,0.13
1794,0.108
1795,0.544
1796,0.146
1797,0.278
1798,0.44
1799,0.216
1800,0.386
1801,0.276
1802,0.368
1803,0.304
1804,0.252
1805,0.24
1806,0.088
1807,0.41
1808,0.43
1809,0.346
1810,0.436
1811,0.47
1812,0.058
1813,0.416
1814,0.482
1815,0.364
1816,0.442
1817,0.304
1818,0.162
1819,0.17
1820,0.254
1821,0.17
1822,0.274
1823,0.256
1824,0.26
1825,0.374
1826,0.144
1827,0.428
1828,0.546
1829,0.372
1830,0.226
1831,0.108
1832,0.344
1833,0.298
1834,0.51
1835,0.384
1836,0.062
1837,0.294
1838,0.548
1839,0.124
1840,0.128
1841,0.124
1842,0.126
1843,0.154
1844,0.172
1845,0.578
1846,0.292
1847,0.31
1848,0.316
1849,0.136
1850,0.106
1851,0.116
1852,0.132
1853,0.176
1854,0.318
1855,0.408
1856,0.326
1857,0.194
1858,0.206
1859,0.288
1860,0.054
1861,0.724
1862,0.356
1863,0.224
1864,0.43
1865,0.162
1866,0.034
1867,0.38
1868,0.156
1869,0.304
1870,0.366
1871,0.288
1872,0.038
1873,0.35
1874,0.202
1875,0.152
1876,0.164
1877,0.258
1878,0.212
1879,0.124
1880,0.384
1881,0.166
1882,0.4
1883,0.33
1884,0.402
1885,0.38
1886,0.23
1887,0.232
1888,0.15
1889,0.382
1890,0.366
1891,0.166
1892,0.206
1893,0.312
1894,0.178
1895,0.376
1896,0.308
1897,0.182
1898,0.394
1899,0.172
1900,0.096
1901,0.664
1902,0.212
1903,0.24
1904,0.406
1905,0.282
1906,0.29
1907,0.374
1908,0.284
1909,0.55
1910,0.424
1911,0.35
1912,0.13
1913,0.558
1914,0.1
1915,0.2
1916,0.21
1917,0.374
1918,0.598
1919,0.098
1920,0.51
1921,0.194
1922,0.116
1923,0.208
1924,0.122
1925,0.482
1926,0.522
1927,0.224
1928,0.652
1929,0.066
1930,0.31
1931,0.522
1932,0.3
1933,0.096
1934,0.104
1935,0.102
1936,0.454
1937,0.33
1938,0.424
1939,0.104
1940,0.19
1941,0.094
1942,0.414
1943,0.546
1944,0.336
1945,0.436
1946,0.066
1947,0.27
1948,0.482
1949,0.454
1950,0.31
1951,0.228
1952,0.316
1953,0.372
1954,0.268
1955,0.366
1956,0.082
1957,0.628
1958,0.246
1959,0.224
1960,0.404
1961,0.226
1962,0.128
1963,0.24
1964,0.298
1965,0.584
1966,0.58
1967,0.276
1968,0.592
1969,0.396
1970,0.43
1971,0.228
1972,0.332
1973,0.248
1974,0.146
1975,0.216
1976,0.442
1977,0.6
1978,0.304
1979,0.19
1980,0.426
1981,0.452
1982,0.426
1983,0.268
1984,0.43
1985,0.228
1986,0.18
1987,0.11
1988,0.064
1989,0.21
1990,0.182
1991,0.098
1992,0.358
1993,0.432
1994,0.316
1995,0.552
1996,0.226
1997,0.234
1998,0.37
1999,0.458
2000,0.226
2001,0.272
2002,0.438
2003,0.246
2004,0.232
2005,0.198
2006,0.29
2007,0.468
2008,0.18
2009,0.448
2010,0.422
2011,0.262
2012,0.558
2013,0.202
2014,0.418
2015,0.222
2016,0.098
2017,0.27
2018,0.332
2019,0.358
2020,0.578
2021,0.258
2022,0.278
2023,0.076
2024,0.384
2025,0.144
2026,0.288
2027,0.55
2028,0.326
2029,0.404
2030,0.3
2031,0.206
2032,0.504
2033,0.338
2034,0.284
2035,0.36
2036,0.576
2037,0.422
2038,0.488
2039,0.47
2040,0.27
2041,0.328
2042,0.144
2043,0.292
2044,0.408
2045,0.396
2046,0.146
2047,0.248
2048,0.302
2049,0.5
2050,0.448
2051,0.49
2052,0.302
2053,0.186
2054,0.23
2055,0.116
2056,0.284
2057,0.536
2058,0.332
2059,0.292
2060,0.386
2061,0.136
2062,0.404
2063,0.152
2064,0.378
2065,0.238
2066,0.416
2067,0.13
2068,0.194
2069,0.298
2070,0.224
2071,0.278
2072,0.072
2073,0.336
2074,0.118
2075,0.534
2076,0.226
2077,0.28
2078,0.142
2079,0.348
2080,0.054
2081,0.55
2082,0.102
2083,0.362
2084,0.312
2085,0.308
2086,0.3
2087,0.462
2088,0.276
2089,0.172
2090,0.222
2091,0.194
2092,0.19
2093,0.206
2094,0.42
2095,0.584
2096,0.328
2097,0.21
2098,0.3
2099,0.154
2100,0.324
2101,0.394
2102,0.054
2103,0.398
2104,0.058
2105,0.232
2106,0.382
2107,0.316
2108,0.124
2109,0.458
2110,0.258
2111,0.318
2112,0.278
2113,0.196
2114,0.304
2115,0.448
2116,0.332
2117,0.214
2118,0.292
2119,0.624
2120,0.12
2121,0.126
2122,0.182
2123,0.194
2124,0.304
2125,0.218
2126,0.332
2127,0.582
2128,0.476
2129,0.266
2130,0.14
2131,0.282
2132,0.52
2133,0.462
2134,0.24
2135,0.54
2136,0.24
2137,0.254
2138,0.514
2139,0.476
2140,0.292
2141,0.214
2142,0.23
2143,0.26
2144,0.222
2145,0.37
2146,0.54
2147,0.116
2148,0.178
2149,0.568
2150,0.29
2151,0.29
2152,0.54
2153,0.246
2154,0.204
2155,0.172
2156,0.184
2157,0.456
2158,0.244
2159,0.34
2160,0.334
2161,0.3
2162,0.158
2163,0.278
2164,0.602
2165,0.216
2166,0.212
2167,0.272
2168,0.254
2169,0.498
2170,0.308
2171,0.144
2172,0.368
2173,0.148
2174,0.284
2175,0.19
2176,0.27
2177,0.196
2178,0.262
2179,0.416
2180,0.552
2181,0.632
2182,0.384
2183,0.326
2184,0.378
2185,0.222
2186,0.142
2187,0.246
2188,0.466
2189,0.144
2190,0.53
2191,0.406
2192,0.42
2193,0.152
2194,0.148
2195,0.462
2196,0.388
2197,0.14
2198,0.314
2199,0.436
2200,0.056
2201,0.528
2202,0.26
2203,0.474
2204,0.252
2205,0.538
2206,0.654
2207,0.306
2208,0.484
2209,0.394
2210,0.554
2211,0.306
2212,0.088
2213,0.25
2214,0.49
2215,0.546
2216,0.272
2217,0.59
2218,0.294
2219,0.558
2220,0.19
2221,0.118
2222,0.322
2223,0.274
2224,0.33
2225,0.3
2226,0.306
2227,0.092
2228,0.63
2229,0.13
2230,0.316
2231,0.326
2232,0.424
2233,0.118
2234,0.142
2235,0.49
2236,0.104
2237,0.05
2238,0.34
2239,0.426
2240,0.166
2241,0.136
2242,0.356
2243,0.512
2244,0.134
2245,0.176
2246,0.09
2247,0.366
2248,0.134
2249,0.234
2250,0.176
2251,0.334
2252,0.074
2253,0.102
2254,0.358
2255,0.528
2256,0.118
2257,0.16
2258,0.662
2259,0.338
2260,0.3
2261,0.366
2262,0.158
2263,0.21
2264,0.246
2265,0.336
2266,0.166
2267,0.56
2268,0.098
2269,0.21
2270,0.22
2271,0.334
2272,0.308
2273,0.264
2274,0.18
2275,0.384
2276,0.45
2277,0.5
2278,0.318
2279,0.334
2280,0.09
2281,0.288
2282,0.236
2283,0.292
2284,0.508
2285,0.176
2286,0.366
2287,0.394
2288,0.506
2289,0.542
2290,0.17
2291,0.046
2292,0.384
2293,0.536
2294,0.158
2295,0.442
2296,0.258
2297,0.11
2298,0.116
2299,0.278
2300,0.228
2301,0.26
2302,0.272
2303,0.412
2304,0.282
2305,0.142
2306,0.298
2307,0.304
2308,0.176
2309,0.216
2310,0.348
2311,0.166
2312,0.314
2313,0.55
2314,0.544
2315,0.34
2316,0.132
2317,0.114
2318,0.114
2319,0.474
2320,0.172
2321,0.206
2322,0.526
2323,0.554
2324,0.598
2325,0.208
2326,0.64
2327,0.486
2328,0.062
2329,0.592
2330,0.272
2331,0.454
2332,0.446
2333,0.338
2334,0.58
2335,0.518
2336,0.468
2337,0.198
2338,0.14
2339,0.332
2340,0.426
2341,0.252
2342,0.322
2343,0.266
2344,0.386
2345,0.086
2346,0.172
2347,0.322
2348,0.25
2349,0.306
2350,0.182
2351,0.508
2352,0.136
2353,0.124
2354,0.2
2355,0.33
2356,0.624
2357,0.452
2358,0.314
2359,0.298
2360,0.302
2361,0.234
2362,0.298
2363,0.442
2364,0.228
2365,0.4
2366,0.286
2367,0.138
2368,0.158
2369,0.188
2370,0.204
2371,0.336
2372,0.418
2373,0.168
2374,0.416
2375,0.348
2376,0.136
2377,0.356
2378,0.306
2379,0.2
2380,0.238
2381,0.138
2382,0.096
2383,0.25
2384,0.448
2385,0.44
2386,0.182
2387,0.194
2388,0.308
2389,0.326
2390,0.188
2391,0.434
2392,0.374
2393,0.224
2394,0.32
2395,0.344
2396,0.348
2397,0.158
2398,0.18
2399,0.096
2400,0.304
2401,0.182
2402,0.084
2403,0.368
2404,0.24
2405,0.116
2406,0.066
2407,0.414
2408,0.512
2409,0.068
2410,0.52
2411,0.428
2412,0.274
2413,0.278
2414,0.388
2415,0.104
2416,0.186
2417,0.128
2418,0.338
2419,0.238
2420,0.4
2421,0.29
2422,0.512
2423,0.288
2424,0.452
2425,0.474
2426,0.486
2427,0.46
2428,0.636
2429,0.322
2430,0.282
2431,0.234
2432,0.304
2433,0.36
2434,0.16
2435,0.508
2436,0.32
2437,0.384
2438,0.134
2439,0.178
2440,0.136
2441,0.288
2442,0.304
2443,0.314
2444,0.282
2445,0.1
2446,0.276
2447,0.452
2448,0.286
2449,0.548
2450,0.374
2451,0.446
2452,0.348
2453,0.256
2454,0.382
2455,0.368
2456,0.628
2457,0.266
2458,0.3
2459,0.324
2460,0.2
2461,0.062
2462,0.41
2463,0.53
2464,0.252
2465,0.212
2466,0.088
2467,0.38
2468,0.206
2469,0.194
2470,0.336
2471,0.242
2472,0.394
2473,0.344
2474,0.094
2475,0.236
2476,0.37
2477,0.228
2478,0.16
2479,0.228
2480,0.296
2481,0.088
2482,0.226
2483,0.436
2484,0.356
2485,0.316
2486,0.128
2487,0.132
2488,0.206
2489,0.288
2490,0.384
2491,0.402
2492,0.368
2493,0.2
2494,0.594
2495,0.05
2496,0.154
2497,0.372
2498,0.23
2499,0.082
2500,0.544
2501,0.158
2502,0.16
2503,0.48
2504,0.512
2505,0.192
2506,0.49
2507,0.37
2508,0.616
2509,0.574
2510,0.134
2511,0.126
2512,0.338
2513,0.17
2514,0.242
2515,0.344
2516,0.278
2517,0.158
2518,0.312
2519,0.16
2520,0.25
2521,0.15
2522,0.204
2523,0.42
2524,0.384
2525,0.42
2526,0.356
2527,0.262
2528,0.294
2529,0.312
2530,0.476
2531,0.18
2532,0.474
2533,0.466
2534,0.18
2535,0.516
2536,0.08
2537,0.188
2538,0.49
2539,0.366
2540,0.378
2541,0.356
2542,0.382
2543,0.21
2544,0.388
2545,0.164
2546,0.046
2547,0.404
2548,0.138
2549,0.164
2550,0.448
2551,0.148
2552,0.198
2553,0.486
2554,0.038
2555,0.482
2556,0.328
2557,0.476
2558,0.224
2559,0.204
2560,0.092
2561,0.618
2562,0.41
2563,0.326
2564,0.186
2565,0.3
2566,0.198
2567,0.28
2568,0.388
2569,0.642
2570,0.386
2571,0.114
2572,0.372
2573,0.216
2574,0.24
2575,0.532
2576,0.248
2577,0.482
2578,0.118
2579,0.462
2580,0.284
2581,0.454
2582,0.252
2583,0.22
2584,0.27
2585,0.22
2586,0.186
2587,0.234
2588,0.146
2589,0.324
2590,0.146
2591,0.504
2592,0.482
2593,0.346
2594,0.144
2595,0.506
2596,0.146
2597,0.44
2598,0.386
2599,0.36
2600,0.624
2601,0.514
2602,0.154
2603,0.234
2604,0.13
2605,0.52
2606,0.066
2607,0.512
2608,0.12
2609,0.032
2610,0.26
2611,0.41
2612,0.296
2613,0.326
2614,0.068
2615,0.434
2616,0.344
2617,0.134
2618,0.31
2619,0.21
2620,0.394
2621,0.604
2622,0.486
2623,0.366
2624,0.202
2625,0.25
2626,0.418
2627,0.15
2628,0.284
2629,0.16
2630,0.444
2631,0.196
2632,0.274
2633,0.38
2634,0.296
2635,0.222
2636,0.486
2637,0.642
2638,0.252
2639,0.334
2640,0.372
2641,0.284
2642,0.052
2643,0.342
2644,0.35
2645,0.23
2646,0.372
2647,0.27
2648,0.052
2649,0.216
2650,0.336
2651,0.438
2652,0.158
2653,0.296
2654,0.358
2655,0.358
2656,0.218
2657,0.322
2658,0.328
2659,0.372
2660,0.554
2661,0.214
2662,0.122
2663,0.322
2664,0.388
2665,0.438
2666,0.41
2667,0.298
2668,0.172
2669,0.214
2670,0.194
2671,0.254
2672,0.356
2673,0.124
2674,0.646
2675,0.28
2676,0.636
2677,0.298
2678,0.258
2679,0.118
2680,0.528
2681,0.448
2682,0.244
2683,0.322
2684,0.132
2685,0.104
2686,0.498
2687,0.286
2688,0.332
2689,0.218
2690,0.186
2691,0.198
2692,0.37
2693,0.512
2694,0.218
2695,0.39
2696,0.468
2697,0.268
2698,0.28
2699,0.378
2700,0.076
2701,0.354
2702,0.346
2703,0.27
2704,0.088
2705,0.26
2706,0.212
2707,0.196
2708,0.424
2709,0.214
2710,0.552
2711,0.258
2712,0.532
2713,0.348
2714,0.454
2715,0.21
2716,0.272
2717,0.624
2718,0.522
2719,0.362
2720,0.078
2721,0.456
2722,0.192
2723,0.152
2724,0.358
2725,0.218
2726,0.116
2727,0.15
2728,0.036
2729,0.248
2730,0.1
2731,0.438
2732,0.32
2733,0.116
2734,0.162
2735,0.246
2736,0.168
2737,0.354
2738,0.246
2739,0.17
2740,0.192
2741,0.194
2742,0.206
2743,0.164
2744,0.386
2745,0.186
2746,0.384
2747,0.154
2748,0.57
2749,0.264
2750,0.156
2751,0.59
2752,0.484
2753,0.234
2754,0.082
2755,0.302
2756,0.372
2757,0.162
2758,0.362
2759,0.336
2760,0.152
2761,0.182
2762,0.24
2763,0.194
2764,0.166
2765,0.202
2766,0.446
2767,0.206
2768,0.53
2769,0.218
2770,0.102
2771,0.128
2772,0.41
2773,0.168
2774,0.124
2775,0.488
2776,0.25
2777,0.326
2778,0.16
2779,0.594
2780,0.272
2781,0.412
2782,0.174
2783,0.16
2784,0.178
2785,0.676
2786,0.406
2787,0.096
2788,0.286
2789,0.248
2790,0.234
2791,0.4
2792,0.118
2793,0.138
2794,0.404
2795,0.182
2796,0.244
2797,0.508
2798,0.352
2799,0.324
2800,0.194
2801,0.074
2802,0.384
2803,0.23
2804,0.14
2805,0.166
2806,0.2
2807,0.658
2808,0.538
2809,0.424
2810,0.206
2811,0.224
2812,0.326
2813,0.242
2814,0.124
2815,0.28
2816,0.098
2817,0.556
2818,0.32
2819,0.454
2820,0.188
2821,0.564
2822,0.102
2823,0.186
2824,0.682
2825,0.336
2826,0.322
2827,0.232
2828,0.398
2829,0.218
2830,0.216
2831,0.458
2832,0.096
2833,0.52
2834,0.252
2835,0.336
2836,0.408
2837,0.458
2838,0.274
2839,0.3
2840,0.316
2841,0.438
2842,0.49
2843,0.198
2844,0.544
2845,0.146
2846,0.204
2847,0.326
2848,0.13
2849,0.31
2850,0.666
2851,0.198
2852,0.122
2853,0.218
2854,0.182
2855,0.146
2856,0.322
2857,0.296
2858,0.39
2859,0.55
2860,0.606
2861,0.15
2862,0.5
2863,0.412
2864,0.38
2865,0.31
2866,0.438
2867,0.372
2868,0.152
2869,0.2
2870,0.34
2871,0.364
2872,0.446
2873,0.39
2874,0.112
2875,0.338
2876,0.45
2877,0.662
2878,0.044
2879,0.634
2880,0.604
2881,0.328
2882,0.094
2883,0.328
2884,0.442
2885,0.34
2886,0.22
2887,0.042
2888,0.3
2889,0.324
2890,0.214
2891,0.35
2892,0.412
2893,0.226
2894,0.384
2895,0.34
2896,0.6
2897,0.73
2898,0.36
2899,0.332
2900,0.318
2901,0.092
2902,0.552
2903,0.212
2904,0.59
2905,0.092
2906,0.47
2907,0.39
2908,0.086
2909,0.066
2910,0.246
2911,0.352
2912,0.092
2913,0.454
2914,0.068
2915,0.532
2916,0.136
2917,0.314
2918,0.306
2919,0.33
2920,0.322
2921,0.31
2922,0.23
2923,0.186
2924,0.152
2925,0.236
2926,0.432
2927,0.558
2928,0.326
2929,0.222
2930,0.49
2931,0.412
2932,0.11
2933,0.424
2934,0.306
2935,0.458
2936,0.096
2937,0.126
2938,0.156
2939,0.328
2940,0.542
2941,0.348
2942,0.31
2943,0.548
2944,0.228
2945,0.358
2946,0.39
2947,0.4
2948,0.188
2949,0.114
2950,0.64
2951,0.332
2952,0.046
2953,0.346
2954,0.034
2955,0.156
2956,0.418
2957,0.116
2958,0.56
2959,0.454
2960,0.172
2961,0.248
2962,0.134
2963,0.494
2964,0.544
2965,0.356
2966,0.466
2967,0.262
2968,0.276
2969,0.198
2970,0.41
2971,0.508
2972,0.328
2973,0.282
2974,0.42
2975,0.296
2976,0.38
2977,0.148
2978,0.454
2979,0.392
2980,0.296
2981,0.394
2982,0.382
2983,0.254
2984,0.092
2985,0.348
2986,0.422
2987,0.624
2988,0.356
2989,0.074
2990,0.536
2991,0.22
2992,0.402
2993,0.134
2994,0.46
2995,0.056
2996,0.606
2997,0.306
2998,0.28
2999,0.216
3000,0.328
3001,0.074
3002,0.556
3003,0.128
3004,0.542
3005,0.572
3006,0.168
3007,0.318
3008,0.18
3009,0.33
3010,0.384
3011,0.41
3012,0.224
3013,0.194
3014,0.166
3015,0.476
3016,0.322
3017,0.176
3018,0.074
3019,0.516
3020,0.132
3021,0.674
3022,0.454
3023,0.076
3024,0.222
3025,0.21
3026,0.392
3027,0.072
3028,0.334
3029,0.516
3030,0.346
3031,0.48
3032,0.342
3033,0.06
3034,0.302
3035,0.232
3036,0.128
3037,0.606
3038,0.278
3039,0.236
3040,0.654
3041,0.442
3042,0.164
3043,0.412
3044,0.386
3045,0.24
3046,0.294
3047,0.072
3048,0.532
3049,0.21
3050,0.518
3051,0.292
3052,0.538
3053,0.19
3054,0.502
3055,0.138
3056,0.424
3057,0.148
3058,0.32
3059,0.394
3060,0.5
3061,0.112
3062,0.04
3063,0.406
3064,0.244
3065,0.414
3066,0.668
3067,0.604
3068,0.03
3069,0.156
3070,0.168
3071,0.588
3072,0.384
3073,0.51
3074,0.336
3075,0.234
3076,0.582
3077,0.624
3078,0.18
3079,0.112
3080,0.32
3081,0.278
3082,0.348
3083,0.498
3084,0.302
3085,0.208
3086,0.464
3087,0.266
3088,0.408
3089,0.208
3090,0.408
3091,0.054
3092,0.268
3093,0.328
3094,0.248
3095,0.648
3096,0.156
3097,0.552
3098,0.064
3099,0.182
3100,0.208
3101,0.434
3102,0.534
3103,0.07
3104,0.358
3105,0.13
3106,0.236
3107,0.314
3108,0.294
3109,0.184
3110,0.274
3111,0.29
3112,0.424
3113,0.148
3114,0.61
3115,0.614
3116,0.276
3117,0.326
3118,0.188
3119,0.422
3120,0.424
3121,0.082
3122,0.072
3123,0.174
3124,0.272
3125,0.586
3126,0.478
3127,0.672
3128,0.336
3129,0.192
3130,0.326
3131,0.314
3132,0.17
3133,0.208
3134,0.276
3135,0.246
3136,0.34
3137,0.524
3138,0.21
3139,0.198
3140,0.376
3141,0.406
3142,0.446
3143,0.238
3144,0.324
3145,0.388
3146,0.174
3147,0.332
3148,0.252
3149,0.198
3150,0.124
3151,0.314
3152,0.256
3153,0.22
3154,0.326
3155,0.078
3156,0.124
3157,0.594
3158,0.302
3159,0.52
3160,0.368
3161,0.17
3162,0.392
3163,0.222
3164,0.348
3165,0.07
3166,0.568
3167,0.066
3168,0.134
3169,0.528
3170,0.256
3171,0.12
3172,0.074
3173,0.216
3174,0.156
3175,0.49
3176,0.146
3177,0.37
3178,0.488
3179,0.368
3180,0.446
3181,0.326
3182,0.084
3183,0.09
3184,0.432
3185,0.058
3186,0.398
3187,0.292
3188,0.224
3189,0.214
3190,0.296
3191,0.374
3192,0.152
3193,0.086
3194,0.266
3195,0.386
3196,0.338
3197,0.294
3198,0.298
3199,0.544
3200,0.32
3201,0.36
3202,0.62
3203,0.162
3204,0.258
3205,0.19
3206,0.178
3207,0.386
3208,0.042
3209,0.338
3210,0.166
3211,0.376
3212,0.242
3213,0.122
3214,0.392
3215,0.142
3216,0.234
3217,0.32
3218,0.224
3219,0.26
3220,0.522
3221,0.096
3222,0.202
3223,0.602
3224,0.416
3225,0.272
3226,0.398
3227,0.166
3228,0.296
3229,0.362
3230,0.324
3231,0.29
3232,0.274
3233,0.172
3234,0.47
3235,0.512
3236,0.452
3237,0.264
3238,0.4
3239,0.066
3240,0.39
3241,0.386
3242,0.298
3243,0.404
3244,0.044
3245,0.274
3246,0.302
3247,0.04
3248,0.184
3249,0.396
3250,0.354
3251,0.664
3252,0.33
3253,0.2
3254,0.512
3255,0.342
3256,0.204
3257,0.394
3258,0.238
3259,0.138
3260,0.594
3261,0.266
3262,0.464
3263,0.374
3264,0.504
3265,0.44
3266,0.156
3267,0.17
3268,0.322
3269,0.226
3270,0.126
3271,0.478
3272,0.212
3273,0.256
3274,0.3
3275,0.514
3276,0.362
3277,0.242
3278,0.312
3279,0.296
3280,0.508
3281,0.142
3282,0.444
3283,0.184
3284,0.392
3285,0.204
3286,0.38
3287,0.6
3288,0.27
3289,0.356
3290,0.132
3291,0.17
3292,0.054
3293,0.296
3294,0.598
3295,0.348
3296,0.18
3297,0.358
3298,0.378
3299,0.318
3300,0.252
3301,0.264
3302,0.362
3303,0.462
3304,0.288
3305,0.334
3306,0.552
3307,0.176
3308,0.084
3309,0.248
3310,0.188
3311,0.196
3312,0.058
3313,0.198
3314,0.41
3315,0.348
3316,0.206
3317,0.274
3318,0.208
3319,0.198
3320,0.492
3321,0.15
3322,0.096
3323,0.212
3324,0.06
3325,0.27
3326,0.26
3327,0.276
3328,0.406
3329,0.394
3330,0.186
3331,0.232
3332,0.3
3333,0.438
3334,0.242
3335,0.126
3336,0.428
3337,0.128
3338,0.066
3339,0.174
3340,0.474
3341,0.448
3342,0.458
3343,0.322
3344,0.222
3345,0.08
3346,0.28
3347,0.328
3348,0.272
3349,0.448
3350,0.402
3351,0.274
3352,0.228
3353,0.36
3354,0.376
3355,0.408
3356,0.19
3357,0.106
3358,0.248
3359,0.37
3360,0.436
3361,0.532
3362,0.454
3363,0.43
3364,0.312
3365,0.354
3366,0.36
3367,0.322
3368,0.43
3369,0.274
3370,0.428
3371,0.486
3372,0.138
3373,0.18
3374,0.3
3375,0.266
3376,0.174
3377,0.31
3378,0.25
3379,0.198
3380,0.22
3381,0.504
3382,0.308
3383,0.048
3384,0.226
3385,0.414
3386,0.504
3387,0.286
3388,0.18
3389,0.402
3390,0.054
3391,0.272
3392,0.644
3393,0.168
3394,0.182
3395,0.382
3396,0.37
3397,0.034
3398,0.344
3399,0.394
3400,0.374
3401,0.204
3402,0.234
3403,0.628
3404,0.356
3405,0.084
3406,0.212
3407,0.286
3408,0.422
3409,0.222
3410,0.21
3411,0.594
3412,0.352
3413,0.266
3414,0.612
3415,0.162
3416,0.148
3417,0.13
3418,0.322
3419,0.548
3420,0.216
3421,0.434
3422,0.312
3423,0.248
3424,0.458
3425,0.464
3426,0.214
3427,0.5
3428,0.342
3429,0.206
3430,0.618
3431,0.286
3432,0.112
3433,0.404
3434,0.39
3435,0.37
3436,0.284
3437,0.386
3438,0.29
3439,0.538
3440,0.508
3441,0.166
3442,0.342
3443,0.382
3444,0.316
3445,0.316
3446,0.33
3447,0.352
3448,0.59
3449,0.084
3450,0.184
3451,0.096
3452,0.256
3453,0.232
3454,0.38
3455,0.338
3456,0.306
3457,0.334
3458,0.234
3459,0.062
3460,0.138
3461,0.328
3462,0.178
3463,0.196
3464,0.138
3465,0.272
3466,0.306
3467,0.384
3468,0.568
3469,0.256
3470,0.244
3471,0.408
3472,0.326
3473,0.236
3474,0.762
3475,0.636
3476,0.542
3477,0.086
3478,0.554
3479,0.32
3480,0.18
3481,0.604
3482,0.358
3483,0.42
3484,0.194
3485,0.368
3486,0.244
3487,0.122
3488,0.25
3489,0.266
3490,0.4
3491,0.486
3492,0.276
3493,0.224
3494,0.26
3495,0.326
3496,0.23
3497,0.64
3498,0.21
3499,0.42
3500,0.326
3501,0.32
3502,0.162
3503,0.284
3504,0.126
3505,0.206
3506,0.254
3507,0.17
3508,0.134
3509,0.134
3510,0.444
3511,0.234
3512,0.154
3513,0.364
3514,0.228
3515,0.042
3516,0.428
3517,0.434
3518,0.424
3519,0.354
3520,0.37
3521,0.426
3522,0.328
3523,0.392
3524,0.274
3525,0.346
3526,0.478
3527,0.34
3528,0.356
3529,0.612
3530,0.478
3531,0.238
3532,0.446
3533,0.112
3534,0.414
3535,0.49
3536,0.386
3537,0.26
3538,0.366
3539,0.16
3540,0.476
3541,0.382
3542,0.526
3543,0.296
3544,0.212
3545,0.424
3546,0.47
3547,0.21
3548,0.12
3549,0.42
3550,0.6
3551,0.382
3552,0.27
3553,0.248
3554,0.152
3555,0.704
3556,0.076
3557,0.264
3558,0.478
3559,0.17
3560,0.47
3561,0.112
3562,0.334
3563,0.608
3564,0.33
3565,0.54
3566,0.312
3567,0.606
3568,0.124
3569,0.418
3570,0.278
3571,0.34
3572,0.202
3573,0.17
3574,0.416
3575,0.298
3576,0.122
3577,0.416
3578,0.39
3579,0.298
3580,0.146
3581,0.312
3582,0.086
3583,0.104
3584,0.53
3585,0.656
3586,0.19
3587,0.214
3588,0.466
3589,0.134
3590,0.146
3591,0.504
3592,0.256
3593,0.328
3594,0.69
3595,0.434
3596,0.39
3597,0.404
3598,0.372
3599,0.32
3600,0.278
3601,0.158
3602,0.304
3603,0.434
3604,0.13
3605,0.25
3606,0.292
3607,0.372
3608,0.558
3609,0.136
3610,0.198
3611,0.3
3612,0.124
3613,0.178
3614,0.242
3615,0.204
3616,0.372
3617,0.292
3618,0.192
3619,0.328
3620,0.444
3621,0.326
3622,0.126
3623,0.146
3624,0.538
3625,0.124
3626,0.276
3627,0.332
3628,0.194
3629,0.178
3630,0.236
3631,0.096
3632,0.432
3633,0.4
3634,0.416
3635,0.106
3636,0.182
3637,0.068
3638,0.278
3639,0.384
3640,0.218
3641,0.408
3642,0.206
3643,0.12
3644,0.378
3645,0.604
3646,0.326
3647,0.706
3648,0.376
3649,0.178
3650,0.17
3651,0.386
3652,0.198
3653,0.142
3654,0.29
3655,0.36
3656,0.286
3657,0.188
3658,0.294
3659,0.56
3660,0.466
3661,0.392
3662,0.192
3663,0.184
3664,0.128
3665,0.316
3666,0.412
3667,0.636
3668,0.482
3669,0.242
3670,0.284
3671,0.404
3672,0.342
3673,0.312
3674,0.344
3675,0.138
3676,0.388
3677,0.184
3678,0.18
3679,0.152
3680,0.302
3681,0.342
3682,0.572
3683,0.284
3684,0.352
3685,0.466
3686,0.298
3687,0.272
3688,0.23
3689,0.24
3690,0.332
3691,0.222
3692,0.316
3693,0.062
3694,0.306
3695,0.294
3696,0.432
3697,0.08
3698,0.274
3699,0.448
3700,0.064
3701,0.3
3702,0.368
3703,0.208
3704,0.3
3705,0.312
3706,0.228
3707,0.176
3708,0.114
3709,0.314
3710,0.466
3711,0.484
3712,0.238
3713,0.264
3714,0.486
3715,0.358
3716,0.144
3717,0.104
3718,0.146
3719,0.372
3720,0.108
3721,0.05
3722,0.25
3723,0.546
3724,0.53
3725,0.254
3726,0.59
3727,0.128
3728,0.232
3729,0.15
3730,0.176
3731,0.264
3732,0.548
3733,0.62
3734,0.208
3735,0.418
3736,0.246
3737,0.106
3738,0.404
3739,0.198
3740,0.3
3741,0.45
3742,0.52
3743,0.324
3744,0.496
3745,0.318
3746,0.148
3747,0.198
3748,0.37
3749,0.328
3750,0.132
3751,0.532
3752,0.524
3753,0.372
3754,0.314
3755,0.162
3756,0.236
3757,0.312
3758,0.56
3759,0.202
3760,0.548
3761,0.232
3762,0.254
3763,0.47
3764,0.454
3765,0.262
3766,0.21
3767,0.362
3768,0.32
3769,0.452
3770,0.534
3771,0.482
3772,0.316
3773,0.318
3774,0.578
3775,0.166
3776,0.256
3777,0.592
3778,0.752
3779,0.654
3780,0.436
3781,0.258
3782,0.306
3783,0.06
3784,0.366
3785,0.35
3786,0.59
3787,0.426
3788,0.18
3789,0.474
3790,0.534
3791,0.234
3792,0.378
3793,0.126
3794,0.492
3795,0.446
3796,0.268
3797,0.384
3798,0.162
3799,0.312
3800,0.514
3801,0.378
3802,0.056
3803,0.434
3804,0.288
3805,0.472
3806,0.566
3807,0.36
3808,0.206
3809,0.398
3810,0.13
3811,0.642
3812,0.144
3813,0.598
3814,0.328
3815,0.304
3816,0.396
3817,0.138
3818,0.082
3819,0.38
3820,0.19
3821,0.56
3822,0.242
3823,0.45
3824,0.256
3825,0.5
3826,0.33
3827,0.274
3828,0.372
3829,0.476
3830,0.146
3831,0.468
3832,0.286
3833,0.222
3834,0.382
3835,0.142
3836,0.342
3837,0.332
3838,0.244
3839,0.13
3840,0.25
3841,0.186
3842,0.136
3843,0.334
3844,0.52
3845,0.092
3846,0.438
3847,0.628
3848,0.172
3849,0.216
3850,0.632
3851,0.27
3852,0.366
3853,0.276
3854,0.368
3855,0.352
3856,0.106
3857,0.352
3858,0.194
3859,0.206
3860,0.426
3861,0.404
3862,0.148
3863,0.22
3864,0.568
3865,0.336
3866,0.268
3867,0.3
3868,0.106
3869,0.278
3870,0.284
3871,0.172
3872,0.072
3873,0.126
3874,0.28
3875,0.34
3876,0.412
3877,0.254
3878,0.48
3879,0.592
3880,0.13
3881,0.18
3882,0.178
3883,0.374
3884,0.422
3885,0.174
3886,0.508
3887,0.178
3888,0.18
3889,0.324
3890,0.308
3891,0.314
3892,0.12
3893,0.344
3894,0.354
3895,0.146
3896,0.148
3897,0.162
3898,0.114
3899,0.108
3900,0.192
3901,0.184
3902,0.604
3903,0.222
3904,0.306
3905,0.568
3906,0.174
3907,0.216
3908,0.32
3909,0.282
3910,0.452
3911,0.296
3912,0.104
3913,0.074
3914,0.366
3915,0.28
3916,0.354
3917,0.152
3918,0.41
3919,0.302
3920,0.2
3921,0.128
3922,0.504
3923,0.504
3924,0.376
3925,0.144
3926,0.134
3927,0.148
3928,0.224
3929,0.41
3930,0.122
3931,0.436
3932,0.25
3933,0.14
3934,0.2
3935,0.282
3936,0.364
3937,0.328
3938,0.436
3939,0.058
3940,0.326
3941,0.14
3942,0.106
3943,0.172
3944,0.33
3945,0.366
3946,0.538
3947,0.386
3948,0.336
3949,0.496
3950,0.302
3951,0.322
3952,0.232
3953,0.324
3954,0.146
3955,0.536
3956,0.338
3957,0.428
3958,0.186
3959,0.52
3960,0.252
3961,0.42
3962,0.33
3963,0.278
3964,0.232
3965,0.402
3966,0.058
3967,0.04
3968,0.13
3969,0.456
3970,0.296
3971,0.55
3972,0.144
3973,0.312
3974,0.258
3975,0.31
3976,0.134
3977,0.162
3978,0.312
3979,0.256
3980,0.348
3981,0.34
3982,0.176
3983,0.166
3984,0.124
3985,0.392
3986,0.434
3987,0.352
3988,0.354
3989,0.224
3990,0.304
3991,0.372
3992,0.25
3993,0.15
3994,0.198
3995,0.196
3996,0.556
3997,0.028
3998,0.14
3999,0.138
4000,0.122
4001,0.348
4002,0.184
4003,0.386
4004,0.366
4005,0.21
4006,0.182
4007,0.11
4008,0.16
4009,0.062
4010,0.32
4011,0.258
4012,0.504
4013,0.25
4014,0.26
4015,0.248
4016,0.154
4017,0.304
4018,0.242
4019,0.492
4020,0.178
4021,0.268
4022,0.61
4023,0.236
4024,0.35
4025,0.238
4026,0.196
4027,0.236
4028,0.104
4029,0.24
4030,0.106
4031,0.194
4032,0.226
4033,0.086
4034,0.246
4035,0.154
4036,0.282
4037,0.036
4038,0.176
4039,0.382
4040,0.194
4041,0.298
4042,0.154
4043,0.196
4044,0.34
4045,0.53
4046,0.23
4047,0.06
4048,0.46
4049,0.61
4050,0.27
4051,0.238
4052,0.338
4053,0.156
4054,0.158
4055,0.466
4056,0.428
4057,0.304
4058,0.266
4059,0.482
4060,0.51
4061,0.334
4062,0.378
4063,0.304
4064,0.302
4065,0.53
4066,0.272
4067,0.496
4068,0.198
4069,0.296
4070,0.306
4071,0.136
4072,0.288
4073,0.31
4074,0.262
4075,0.188
4076,0.34
4077,0.338
4078,0.33
4079,0.166
4080,0.184
4081,0.376
4082,0.348
4083,0.342
4084,0.052
4085,0.246
4086,0.502
4087,0.356
4088,0.05
4089,0.358
4090,0.21
4091,0.122
4092,0.272
4093,0.332
4094,0.634
4095,0.112
4096,0.334
4097,0.376
4098,0.246
4099,0.456
4100,0.148
4101,0.294
4102,0.478
4103,0.266
4104,0.368
4105,0.204
4106,0.158
4107,0.402
4108,0.418
4109,0.26
4110,0.308
4111,0.312
4112,0.542
4113,0.43
4114,0.514
4115,0.296
4116,0.408
4117,0.16
4118,0.48
4119,0.25
4120,0.454
4121,0.134
4122,0.084
4123,0.266
4124,0.152
4125,0.31
4126,0.3
4127,0.07
4128,0.114
4129,0.3
4130,0.3
4131,0.134
4132,0.344
4133,0.13
4134,0.172
4135,0.492
4136,0.148
4137,0.052
4138,0.2
4139,0.518
4140,0.25
4141,0.044
4142,0.308
4143,0.35
4144,0.142
4145,0.326
4146,0.134
4147,0.208
4148,0.596
4149,0.278
4150,0.06
4151,0.25
4152,0.31
4153,0.294
4154,0.21
4155,0.324
4156,0.126
4157,0.12
4158,0.46
4159,0.36
4160,0.316
4161,0.17
4162,0.146
4163,0.332
4164,0.414
4165,0.43
4166,0.48
4167,0.346
4168,0.446
4169,0.332
4170,0.256
4171,0.188
4172,0.354
4173,0.234
4174,0.32
4175,0.154
4176,0.36
4177,0.186
4178,0.272
4179,0.596
4180,0.236
4181,0.272
4182,0.162
4183,0.164
4184,0.236
4185,0.294
4186,0.382
4187,0.504
4188,0.32
4189,0.358
4190,0.17
4191,0.264
4192,0.272
4193,0.074
4194,0.228
4195,0.088
4196,0.46
4197,0.256
4198,0.262
4199,0.194
4200,0.028
4201,0.234
4202,0.118
4203,0.17
4204,0.566
4205,0.544
4206,0.316
4207,0.448
4208,0.22
4209,0.184
4210,0.478
4211,0.416
4212,0.326
4213,0.308
4214,0.408
4215,0.496
4216,0.112
4217,0.138
4218,0.282
4219,0.354
4220,0.604
4221,0.252
4222,0.306
4223,0.15
4224,0.154
4225,0.2
4226,0.19
4227,0.15
4228,0.542
4229,0.304
4230,0.288
4231,0.024
4232,0.312
4233,0.27
4234,0.128
4235,0.218
4236,0.182
4237,0.478
4238,0.242
4239,0.106
4240,0.368
4241,0.392
4242,0.558
4243,0.15
4244,0.248
4245,0.42
4246,0.286
4247,0.318
4248,0.34
4249,0.2
4250,0.326
4251,0.448
4252,0.198
4253,0.296
4254,0.22
4255,0.234
4256,0.166
4257,0.246
4258,0.078
4259,0.348
4260,0.356
4261,0.576
4262,0.314
4263,0.17
4264,0.298
4265,0.176
4266,0.134
4267,0.294
4268,0.384
4269,0.484
4270,0.318
4271,0.266
4272,0.332
4273,0.222
4274,0.416
4275,0.476
4276,0.232
4277,0.324
4278,0.392
4279,0.13
4280,0.316
4281,0.272
4282,0.324
4283,0.338
4284,0.276
4285,0.614
4286,0.106
4287,0.104
4288,0.408
4289,0.55
4290,0.352
4291,0.472
4292,0.108
4293,0.362
4294,0.384
4295,0.508
4296,0.166
4297,0.318
4298,0.3
4299,0.158
4300,0.39
4301,0.494
4302,0.162
4303,0.356
4304,0.31
4305,0.486
4306,0.198
4307,0.25
4308,0.654
4309,0.222
4310,0.19
4311,0.154
4312,0.214
4313,0.444
4314,0.514
4315,0.36
4316,0.246
4317,0.096
4318,0.388
4319,0.198
4320,0.514
4321,0.36
4322,0.088
4323,0.09
4324,0.142
4325,0.178
4326,0.284
